<?xml version="1.0" encoding="UTF-8"?>
<project-private xmlns="http://www.netbeans.org/ns/project-private/1">
    <editor-bookmarks xmlns="http://www.netbeans.org/ns/editor-bookmarks/2" lastBookmarkId="0"/>
    <open-files xmlns="http://www.netbeans.org/ns/projectui-open-files/2">
        <group>
            <file>file:/C:/Users/alfre/Documents/NetBeansProjects/CartillaMilitar2.0/src/cartillamilitar2/pkg0/MenuPrincipal.java</file>
            <file>file:/C:/Users/alfre/Documents/NetBeansProjects/CartillaMilitar2.0/src/cartillamilitar2/pkg0/AccesoAdministrador.java</file>
            <file>file:/C:/Users/alfre/Documents/NetBeansProjects/CartillaMilitar2.0/src/cartillamilitar2/pkg0/MenuAdmin.java</file>
            <file>file:/C:/Users/alfre/Documents/NetBeansProjects/CartillaMilitar2.0/src/cartillamilitar2/pkg0/Acceso.java</file>
            <file>file:/C:/Users/alfre/Documents/NetBeansProjects/CartillaMilitar2.0/src/cartillamilitar2/pkg0/RegistroCartilla.java</file>
        </group>
    </open-files>
</project-private>
